Top queries,Clicks,Impressions,CTR,Position
invoice vs receipt,0,62,0%,75.02
how to calculate late fees on invoices,0,21,0%,39.43
ai invoice generator,0,20,0%,80
how to calculate an invoice,0,19,0%,38.21
calculate late fee,0,17,0%,55.24
www.invoiceskit.com,0,16,0%,12.56
invoice time tracking,0,16,0%,77.06
late fee calculator,0,15,0%,82.6
executive recruiting invoice,0,13,0%,56.08
time tracking invoice,0,13,0%,79.46
executive recruiter invoice,0,12,0%,60.33
time tracking for invoicing,0,12,0%,80
invoiceskit.com,0,11,0%,13.64
time tracking and invoicing,0,11,0%,79.45
time tracking invoicing,0,10,0%,81.8
is an invoice a receipt,0,9,0%,73.11
difference between invoice and receipt,0,9,0%,87.11
receipt vs invoice,0,9,0%,88.11
batch invoicing,0,9,0%,91.22
how do i create an invoice for professional services,0,7,0%,61.57
percentage late fee,0,7,0%,75.14
is invoice same as receipt,0,7,0%,81.57
invoice ai,0,7,0%,89
how do you write a professional invoice,0,6,0%,40
time tracking billing,0,6,0%,82
bulk invoice processing,0,6,0%,91.17
timer billing,0,6,0%,92.83
ai generated invoice,0,5,0%,88
how do i create a professional invoice,0,4,0%,49
calculating late fees,0,4,0%,75.75
invoice generator ai,0,4,0%,76.75
invoicing time tracking,0,4,0%,80.75
difference between an invoice and a receipt,0,4,0%,82.75
typical late fee for invoice,0,4,0%,84.25
receipt and invoice difference,0,4,0%,84.75
invoices vs receipts,0,4,0%,88.75
invoice calculator free,0,3,0%,24.33
compounding late fees,0,3,0%,39
how to create a professional looking invoice,0,3,0%,46
invoice subtotal,0,3,0%,49.33
how to make professional invoice,0,3,0%,51.33
subtotal on invoice,0,3,0%,53.33
ai powered billing system,0,3,0%,61.67
difference between receipt and invoice,0,3,0%,73.33
billing tracking,0,3,0%,78.67
how do i make a wholesale invoice,0,3,0%,79.33
how to create a professional invoice,0,3,0%,84.67
invoice amount,0,3,0%,87
ai invoice,0,3,0%,87.67
how to make a professional invoice,0,3,0%,89
professional bulk invoice generator for high-volume service agencies,0,2,0%,14
late fee percentage,0,2,0%,42.5
wisconsin late fee calculator,0,2,0%,50
ohio late fee calculator,0,2,0%,59
california late fee calculator,0,2,0%,59.5
bulk invoicing,0,2,0%,68
florida late fee calculator,0,2,0%,70
what is difference between receipt and invoice?,0,2,0%,72
invoice and receipt,0,2,0%,78.5
invoicing and time tracking,0,2,0%,84.5
what is difference between invoice and receipt,0,2,0%,84.5
differences between invoice and receipt,0,2,0%,86
receipts and invoices,0,2,0%,86.5
invoice and receipt difference,0,2,0%,90
invoice time,0,2,0%,95
batch invoice processing,0,2,0%,99
time tracking and invoice software,0,2,0%,99
invoice calculation formula,0,1,0%,6
invoicekit,0,1,0%,6
easiest way to send branded invoices 2026,0,1,0%,7
essential elements of a professional invoice 2026,0,1,0%,8
bulk invoice meaning,0,1,0%,12
adt-1 late fees calculator,0,1,0%,22
bulk invoice generator,0,1,0%,29
invoice price calculator,0,1,0%,29
georgia late fee calculator,0,1,0%,41
total invoice amount,0,1,0%,45
late payment fees calculator,0,1,0%,47
create professional invoices,0,1,0%,48
calculate late charges,0,1,0%,49
batch invoices,0,1,0%,50
invoice total,0,1,0%,60
tax invoice calculator,0,1,0%,61
new york late fee calculator,0,1,0%,62
ai billing automation,0,1,0%,64
subtotal invoice,0,1,0%,67
bulk invoice generation,0,1,0%,70
indiana late fee calculator,0,1,0%,70
invoice vs receipts,0,1,0%,74
late payment fee calculator,0,1,0%,76
time tracker invoice,0,1,0%,76
late invoice interest calculator,0,1,0%,78
time tracker with invoicing,0,1,0%,79
invoice late payment interest calculator,0,1,0%,80
calculate interest on overdue invoices,0,1,0%,81
invoices and receipts,0,1,0%,81
receipt invoices,0,1,0%,84
batch invoice,0,1,0%,86
ai for billing,0,1,0%,87
late payment calculator,0,1,0%,87
time invoicing,0,1,0%,87
invoice is receipt,0,1,0%,88
can an invoice serve as a receipt,0,1,0%,89
late fee interest calculator,0,1,0%,90
invoice price formula,0,1,0%,91
invoice receipt,0,1,0%,91
late fee software,0,1,0%,91
receipts vs invoices,0,1,0%,91
difference between tax invoice and receipt,0,1,0%,93
invoice late fees legal maximum,0,1,0%,94
professional invoice,0,1,0%,94
interest on overdue invoices calculator,0,1,0%,95
receipt and invoice,0,1,0%,95
what is a receipted invoice,0,1,0%,95
ai invoices,0,1,0%,99
difference between a receipt and invoice,0,1,0%,99
receipt or invoice,0,1,0%,99
what is the difference between a receipt and an invoice,0,1,0%,99